{"chance_win":{"D\u00e9savantage fort":19.2307692308,"D\u00e9savantage faible":36.5707434053,"Pas d\u2019avantage":51.6268980477,"Avantage faible":66.47597254,"Avantage fort":85.6774193548},"blue_structure":{"D\u00e9savantage fort":-0.6809116809,"D\u00e9savantage faible":-0.3645083933,"Pas d\u2019avantage":-0.2255965293,"Avantage faible":-0.1453089245,"Avantage fort":-0.0593548387},"red_structure":{"D\u00e9savantage fort":-0.0954415954,"D\u00e9savantage faible":-0.1270983213,"Pas d\u2019avantage":-0.2472885033,"Avantage faible":-0.3661327231,"Avantage fort":-0.7522580645},"blue_monster":{"D\u00e9savantage fort":0.0,"D\u00e9savantage faible":0.0,"Pas d\u2019avantage":0.0,"Avantage faible":0.0,"Avantage fort":0.0},"red_monster":{"D\u00e9savantage fort":0.0,"D\u00e9savantage faible":0.0,"Pas d\u2019avantage":0.0,"Avantage faible":0.0,"Avantage fort":0.0}}